"","records","n.max","n.start","events","rmean","se(rmean)","median","0.95LCL","0.95UCL"
"pets=FALSE",316,316,316,176,1102.93306066949,37.5294638791821,1169,1059,1300
"pets=TRUE",798,798,798,106,1563.77610340182,22.1748467123752,NA,NA,NA
