"","records","n.max","n.start","events","rmean","se(rmean)","median","0.95LCL","0.95UCL"
"pets=FALSE",316,316,316,12,1719.5538067417,21.6580435368894,1749,1749,NA
"pets=TRUE",798,798,798,79,1551.06087995313,20.4948130327789,1603,1543,1723
