"","records","n.max","n.start","events","rmean","se(rmean)","median","0.95LCL","0.95UCL"
"pets=FALSE",316,316,316,86,1455.43973926338,26.1578956246691,1566,1485,1639
"pets=TRUE",798,798,798,593,958.136060206789,16.4980069003506,909,864,943
