"term","HR","CI_low","CI_high","p"
"petsYES",14.0578419244968,11.1999030847133,17.6450562187342,5.24481808668135e-115
"carpet",1.15151635830015,1.09049528622372,1.21595199922837,3.80478898289469e-07
