"term","HR","CI_low","CI_high","p"
"petsYES",18.7461821073066,10.178532224491,34.525542175397,5.12947991116441e-21
"carpet",0.510023683494768,0.417195293582538,0.623506932429257,5.08067372808991e-11
