"term","HR","CI_low","CI_high","p"
"petsYES",1.03245922613924,0.810275853128423,1.31556685235576,0.796124733562877
"carpet",0.998807324333131,0.91428188370571,1.09114714938683,0.978896527286279
